{
  "suite_name": "ecosystem",
  "timestamp": "2025-12-18T16:13:46.048305",
  "configs": [
    {
      "name": "vector",
      "elapsed_seconds": 388.241468667984,
      "metrics": {
        "mrr": 1.0,
        "precision": {
          "1": 1.0,
          "3": 1.0,
          "5": 0.9967213114754098,
          "10": 0.9967213114754098
        },
        "recall": {
          "1": 0.20081967213114754,
          "3": 0.6024590163934426,
          "5": 1.0,
          "10": 1.0
        },
        "ndcg": {
          "1": 0.8975409836065574,
          "3": 0.9381840036763764,
          "5": 0.9692366289209574,
          "10": 0.9692366289209574
        },
        "num_queries": 122
      }
    },
    {
      "name": "hybrid",
      "elapsed_seconds": 16.614097833633423,
      "metrics": {
        "mrr": 0.8005464480874317,
        "precision": {
          "1": 0.6229508196721312,
          "3": 0.5382513661202185,
          "5": 0.521311475409836,
          "10": 0.521311475409836
        },
        "recall": {
          "1": 0.12459016393442623,
          "3": 0.32295081967213113,
          "5": 0.521311475409836,
          "10": 0.521311475409836
        },
        "ndcg": {
          "1": 0.6229508196721312,
          "3": 0.569372871492632,
          "5": 0.5513769381136921,
          "10": 0.5513769381136921
        },
        "num_queries": 122
      }
    },
    {
      "name": "hybrid+rerank",
      "elapsed_seconds": 29.441783905029297,
      "metrics": {
        "mrr": 0.6997267759562841,
        "precision": {
          "1": 0.5573770491803278,
          "3": 0.5,
          "5": 0.4672131147540984,
          "10": 0.4672131147540984
        },
        "recall": {
          "1": 0.11147540983606559,
          "3": 0.3,
          "5": 0.4672131147540984,
          "10": 0.4672131147540984
        },
        "ndcg": {
          "1": 0.5573770491803278,
          "3": 0.5134629142711445,
          "5": 0.48639352527258484,
          "10": 0.48639352527258484
        },
        "num_queries": 122
      }
    }
  ],
  "category_breakdown": {
    "entity": {
      "vector": 1.0,
      "hybrid": 0.6627906976744186,
      "hybrid+rerank": 0.6589147286821705
    },
    "confirmation": {
      "vector": 1.0,
      "hybrid": 0.8386524822695035,
      "hybrid+rerank": 0.6560283687943262
    },
    "discovery": {
      "vector": 1.0,
      "hybrid": 0.9444444444444444,
      "hybrid+rerank": 0.587037037037037
    },
    "process": {
      "vector": 1.0,
      "hybrid": 0.9523809523809523,
      "hybrid+rerank": 0.9007936507936508
    },
    "historical": {
      "vector": 1.0,
      "hybrid": 0.625,
      "hybrid+rerank": 1.0
    }
  }
}