{
  "suite_name": "ecosystem",
  "timestamp": "2025-12-18T10:35:27.493746",
  "configs": [
    {
      "name": "vector",
      "elapsed_seconds": 262.29515862464905,
      "metrics": {
        "mrr": 1.0,
        "precision": {
          "1": 1.0,
          "3": 1.0,
          "5": 0.9950617283950617,
          "10": 0.9950617283950617
        },
        "recall": {
          "1": 0.2012345679012346,
          "3": 0.6037037037037036,
          "5": 1.0,
          "10": 1.0
        },
        "ndcg": {
          "1": 0.8827160493827161,
          "3": 0.9232417103975986,
          "5": 0.9633695404421794,
          "10": 0.9633695404421794
        },
        "num_queries": 81
      }
    },
    {
      "name": "hybrid",
      "elapsed_seconds": 10.736969470977783,
      "metrics": {
        "mrr": 0.7921810699588478,
        "precision": {
          "1": 0.6172839506172839,
          "3": 0.4979423868312757,
          "5": 0.49629629629629635,
          "10": 0.49629629629629635
        },
        "recall": {
          "1": 0.12345679012345678,
          "3": 0.29876543209876544,
          "5": 0.49753086419753084,
          "10": 0.49753086419753084
        },
        "ndcg": {
          "1": 0.6172839506172839,
          "3": 0.5340358150694384,
          "5": 0.5256336611469259,
          "10": 0.5256336611469259
        },
        "num_queries": 81
      }
    }
  ],
  "category_breakdown": {
    "entity": {
      "vector": 1.0,
      "hybrid": 0.7413793103448276
    },
    "confirmation": {
      "vector": 1.0,
      "hybrid": 0.7702020202020202
    },
    "discovery": {
      "vector": 1.0,
      "hybrid": 0.9444444444444444
    },
    "process": {
      "vector": 1.0,
      "hybrid": 0.9375
    },
    "historical": {
      "vector": 1.0,
      "hybrid": 0.625
    }
  }
}